MarkerName,Allele1,Allele2,Freq1,FreqSE,MinFreq,MaxFreq,Effect,StdErr,P-value,Direction,HetISq,HetChiSq,HetDf,HetPVal,chr,pos
3:132917622_A_G,a,g,2e-04,0,2e-04,2e-04,0.5024,0.3275,0.125,?+,0,0,0,1,3,132917622
9:105246255_G_T,t,g,0.9992,0,0.9992,0.9992,-0.22,0.1588,0.1659,?-,0,0,0,1,9,105246255
9:15867726_G_GC,g,gc,0.8626,0,0.8626,0.8626,-0.007,0.0117,0.5468,?-,0,0,0,1,9,15867726
3:135839893_C_G,c,g,0.9826,4e-04,0.9815,0.9828,-0.0528,0.0295,0.07355,--,0,0.011,1,0.9169,3,135839893
20:53117096_A_ATTTT,a,atttt,0.1056,0,0.1056,0.1056,-0.0066,0.0181,0.7161,?-,0,0,0,1,20,53117096
6:48990486_C_T,t,c,0.6946,0.0013,0.6909,0.6951,0.0048,0.0082,0.5578,++,0,0.021,1,0.8851,6,48990486
11:124948755_A_G,a,g,0.0013,1e-04,0.0013,0.0014,-0.1117,0.1182,0.3446,--,49.6,1.983,1,0.1591,11,124948755
6:76678298_C_CT,ct,c,0.2194,0,0.2194,0.2194,7e-04,0.0097,0.9421,?+,0,0,0,1,6,76678298
7:24118952_A_G,a,g,0.0623,1e-04,0.0621,0.0624,-0.0096,0.0158,0.5416,--,0,0.479,1,0.489,7,24118952
3:126213579_G_T,t,g,4e-04,0,4e-04,4e-04,-0.3732,0.2847,0.1899,?-,0,0,0,1,3,126213579
1:10221422_A_G,a,g,9e-04,0,9e-04,9e-04,-0.1871,0.1461,0.2004,?-,0,0,0,1,1,10221422
1:204019882_C_T,t,c,5e-04,0,5e-04,5e-04,-0.3558,0.2021,0.07827,?-,0,0,0,1,1,204019882
9:134402541_C_CA,ca,c,0.0512,0,0.0512,0.0512,1e-04,0.0205,0.9958,?+,0,0,0,1,9,134402541
11:29276380_G_T,t,g,0.9997,0,0.9997,0.9997,-0.4524,0.2871,0.1151,?-,0,0,0,1,11,29276380
5:170025861_A_G,a,g,0.5609,7e-04,0.5606,0.5629,0.0012,0.0076,0.8729,+-,0,0.439,1,0.5076,5,170025861
4:132977023_A_G,a,g,0.002,0,0.002,0.002,0.0221,0.093,0.8119,?+,0,0,0,1,4,132977023
17:12367873_C_G,c,g,0.9854,3e-04,0.9847,0.9855,-0.0162,0.033,0.6227,--,0,0.01,1,0.9218,17,12367873
2:109085373_A_G,a,g,0.6149,0.001,0.6118,0.6152,0.0027,0.0078,0.7257,++,0,0,1,0.9912,2,109085373
19:10043674_C_T,t,c,0.0011,0,0.0011,0.0011,0.0177,0.1346,0.8955,?+,0,0,0,1,19,10043674
4:129280343_A_G,a,g,0.001,0,0.001,0.001,-0.0027,0.1371,0.9841,?-,0,0,0,1,4,129280343
2:124262665_A_G,a,g,0.9885,1e-04,0.9885,0.9889,-0.0015,0.0364,0.9663,+-,35.8,1.558,1,0.212,2,124262665
1:225356628_C_T,t,c,7e-04,0,7e-04,7e-04,0.1501,0.1577,0.341,?+,0,0,0,1,1,225356628
8:59215733_C_T,t,c,0.9995,0,0.9995,0.9995,0.0017,0.2046,0.9935,?+,0,0,0,1,8,59215733
12:31370459_C_T,t,c,0.0345,5e-04,0.0344,0.0358,-0.0286,0.0209,0.1723,--,52.8,2.117,1,0.1457,12,31370459
X:16378678_A_AAGC,a,aagc,0.9993,0,0.9993,0.9993,0.1469,0.1778,0.4087,?+,0,0,0,1,X,16378678
18:41682397_C_T,t,c,0.3829,5e-04,0.3827,0.3843,-0.0018,0.0078,0.8138,-+,0,0.557,1,0.4556,18,41682397
6:58274083_A_AG,a,ag,0.3042,0,0.3042,0.3042,0.0124,0.0088,0.1602,?+,0,0,0,1,6,58274083
14:22129232_G_T,t,g,3e-04,0,3e-04,3e-04,-0.2706,0.3557,0.4467,?-,0,0,0,1,14,22129232
1:157264954_A_G,a,g,0.364,7e-04,0.3619,0.3642,-0.0025,0.0079,0.7535,--,0,0.201,1,0.6539,1,157264954
10:80464747_A_C,a,c,0.9884,1e-04,0.9881,0.9884,-0.01,0.0362,0.7822,+-,30.3,1.434,1,0.2311,10,80464747
15:61910980_C_T,t,c,2e-04,0,2e-04,2e-04,0.0957,0.3042,0.7532,?+,0,0,0,1,15,61910980
16:56172070_C_CA,ca,c,0.4448,0,0.4448,0.4448,0.0065,0.0081,0.4212,?+,0,0,0,1,16,56172070
X:87748032_C_T,t,c,0.0032,0,0.0032,0.0032,0.0992,0.0625,0.1127,?+,0,0,0,1,X,87748032
3:100216737_A_G,a,g,0.9986,0,0.9986,0.9987,0.0602,0.1061,0.5707,++,0,0.017,1,0.895,3,100216737
8:126580797_C_T,t,c,0.6618,6e-04,0.6616,0.6637,6e-04,0.008,0.9411,+-,0,0.749,1,0.3868,8,126580797
6:83927513_A_G,a,g,4e-04,0,4e-04,4e-04,0.2892,0.3024,0.3388,?+,0,0,0,1,6,83927513
5:179896529_C_T,t,c,0.1179,2e-04,0.1174,0.118,-2e-04,0.0118,0.9854,-+,0,0.17,1,0.68,5,179896529
1:197606051_C_T,t,c,0.9961,2e-04,0.996,0.9968,-0.0113,0.0636,0.8591,--,0,0.015,1,0.902,1,197606051
2:78728103_C_G,c,g,0.9997,0,0.9997,0.9997,-0.3148,0.2451,0.1989,?-,0,0,0,1,2,78728103
2:56650777_A_G,a,g,0.9606,6e-04,0.959,0.9608,0.0234,0.0195,0.2295,-+,0,0.508,1,0.4759,2,56650777
6:70553494_A_T,a,t,2e-04,0,2e-04,2e-04,-0.447,0.338,0.186,?-,0,0,0,1,6,70553494
12:31224851_C_G,c,g,0.4488,0,0.4487,0.4488,-0.0072,0.0077,0.3485,--,0,0.493,1,0.4825,12,31224851
5:112903683_C_T,t,c,0.0016,0,0.0016,0.0016,-0.0107,0.1042,0.9181,?-,0,0,0,1,5,112903683
16:21345658_A_G,a,g,0.9949,0,0.9949,0.9949,0.0618,0.0644,0.3377,?+,0,0,0,1,16,21345658
16:60018161_C_G,c,g,0.8896,0,0.8895,0.8896,0.0129,0.0121,0.2858,++,0,0.005,1,0.9461,16,60018161
17:57461854_A_G,a,g,0.9998,0,0.9998,0.9998,0.3877,0.3282,0.2375,?+,0,0,0,1,17,57461854
13:79984107_A_C,a,c,0.0013,2e-04,0.0012,0.0017,-0.0411,0.1082,0.7038,--,0,0.007,1,0.935,13,79984107
11:3469349_C_T,t,c,0.0013,0,0.0013,0.0013,-0.034,0.1608,0.8324,?-,0,0,0,1,11,3469349
2:3100321_G_T,t,g,0.9959,0,0.9959,0.9959,-0.0658,0.0746,0.378,?-,0,0,0,1,2,3100321
12:129084202_A_G,a,g,0.3976,0.0046,0.396,0.4108,0.0072,0.0078,0.3597,++,0,0.318,1,0.5728,12,129084202
4:90449155_A_G,a,g,0.6704,2e-04,0.6703,0.6711,0.0041,0.0081,0.617,+-,65.6,2.905,1,0.0883,4,90449155
19:46822898_A_G,a,g,0.9997,0,0.9997,0.9997,-0.4945,0.2945,0.09314,?-,0,0,0,1,19,46822898
10:33411726_C_G,c,g,0.0018,0,0.0018,0.0018,0.1058,0.0934,0.2574,-+,31.7,1.464,1,0.2263,10,33411726
4:63262149_G_T,t,g,0.0018,0,0.0018,0.0018,-0.1671,0.1128,0.1386,?-,0,0,0,1,4,63262149
5:23136941_C_T,t,c,0.9996,0,0.9996,0.9996,0.0817,0.2959,0.7825,?+,0,0,0,1,5,23136941
5:6791289_G_T,t,g,9e-04,0,9e-04,9e-04,-0.0574,0.1809,0.7509,?-,0,0,0,1,5,6791289
6:8810838_C_T,t,c,0.9997,0,0.9997,0.9997,0.0624,0.3639,0.8639,?+,0,0,0,1,6,8810838
2:241983683_C_T,t,c,0.9559,5e-04,0.9544,0.956,-0.0126,0.0187,0.5019,+-,0,0.475,1,0.4905,2,241983683
18:37843936_A_G,a,g,0.0027,3e-04,0.0026,0.0033,-0.0933,0.0802,0.2447,+-,15.3,1.181,1,0.2771,18,37843936
18:65846325_C_T,t,c,5e-04,0,5e-04,5e-04,0.226,0.2068,0.2745,?+,0,0,0,1,18,65846325
12:83379661_A_G,a,g,2e-04,0,2e-04,2e-04,-0.4484,0.3329,0.178,?-,0,0,0,1,12,83379661
1:185316413_G_T,t,g,0.0124,6e-04,0.0106,0.0126,0.0057,0.0358,0.8746,+-,0,0.855,1,0.3552,1,185316413
6:99673713_A_C,a,c,0.0013,0,0.0013,0.0013,-0.0586,0.1184,0.6209,?-,0,0,0,1,6,99673713
10:3656268_C_T,t,c,0.3579,1e-04,0.3578,0.3581,0.01,0.0079,0.2086,-+,0,0.452,1,0.5012,10,3656268
6:1983243_C_T,t,c,0.5943,0.0012,0.5909,0.5947,0.0024,0.0077,0.76,-+,0,0.025,1,0.8753,6,1983243
4:177850191_C_T,t,c,3e-04,0,3e-04,3e-04,-0.2915,0.3627,0.4216,?-,0,0,0,1,4,177850191
12:8584223_C_T,t,c,0.9984,0,0.9984,0.9984,0.2724,0.1194,0.02249,?+,0,0,0,1,12,8584223
8:107429506_A_T,a,t,0.005,1e-04,0.0046,0.005,-0.0505,0.0584,0.3874,+-,0,0.2,1,0.6546,8,107429506
17:66646245_A_G,a,g,0.9997,0,0.9997,0.9997,-0.1202,0.2647,0.6497,?-,0,0,0,1,17,66646245
7:65649086_C_T,t,c,0.0013,2e-04,0.0012,0.0017,0.0967,0.1254,0.4409,++,0,0.195,1,0.6587,7,65649086
12:61048584_A_G,a,g,4e-04,0,4e-04,4e-04,-0.0374,0.2668,0.8886,?-,0,0,0,1,12,61048584
2:200351151_C_T,t,c,0.0029,0,0.0029,0.0029,-0.107,0.0852,0.209,?-,0,0,0,1,2,200351151
22:44070530_A_C,a,c,0.2326,2e-04,0.2325,0.2334,-0.0272,0.009,0.002439,+-,14,1.163,1,0.2808,22,44070530
6:165754401_C_T,t,c,0.0017,0,0.0017,0.0017,-0.1152,0.137,0.4006,?-,0,0,0,1,6,165754401
8:120715627_A_G,a,g,0.999,0,0.999,0.999,-0.124,0.146,0.3958,?-,0,0,0,1,8,120715627
8:103259330_T_TTTTG,t,ttttg,0.0503,0,0.0503,0.0503,-0.0067,0.0189,0.723,?-,0,0,0,1,8,103259330
15:55801481_T_TC,t,tc,0.9998,0,0.9998,0.9998,-0.1299,0.3896,0.7388,?-,0,0,0,1,15,55801481
11:107703327_A_G,a,g,0.9681,3e-04,0.9673,0.9682,-1e-04,0.0216,0.995,+-,0,0.271,1,0.6025,11,107703327
4:173783407_G_GT,g,gt,0.9987,0,0.9987,0.9987,-0.2164,0.2327,0.3524,?-,0,0,0,1,4,173783407
12:104642342_G_T,t,g,0.0021,0,0.0021,0.0021,0.0702,0.0989,0.4781,?+,0,0,0,1,12,104642342
X:75972999_C_T,t,c,0.9997,0,0.9997,0.9997,-0.086,0.2602,0.741,?-,0,0,0,1,X,75972999
X:85818060_A_G,a,g,0.0154,0,0.0154,0.0154,-9e-04,0.0275,0.9751,?-,0,0,0,1,X,85818060
1:227421959_A_G,a,g,0.9998,0,0.9998,0.9998,-0.5508,0.3274,0.09251,?-,0,0,0,1,1,227421959
10:77401344_C_T,t,c,0.0021,0,0.002,0.0021,0.0184,0.0851,0.8289,++,0,0.001,1,0.9753,10,77401344
8:135776938_A_G,a,g,7e-04,0,7e-04,7e-04,0.1441,0.1904,0.4491,?+,0,0,0,1,8,135776938
10:61863259_C_G,c,g,0.3816,0.002,0.381,0.3873,0.0137,0.0078,0.08068,++,69,3.222,1,0.07265,10,61863259
16:80907812_C_G,c,g,0.3487,0.0016,0.3482,0.3533,0.0078,0.008,0.3262,++,0,0.231,1,0.6311,16,80907812
3:136255483_C_T,t,c,0.2427,0.0016,0.2422,0.2473,0.0167,0.0089,0.0592,-+,71.9,3.562,1,0.05912,3,136255483
1:32671086_C_T,t,c,2e-04,0,2e-04,2e-04,-0.6503,0.341,0.05652,?-,0,0,0,1,1,32671086
19:307145_A_G,a,g,0.001,0,0.001,0.001,0.0256,0.1358,0.8504,?+,0,0,0,1,19,307145
3:37350369_G_T,t,g,0.033,2e-04,0.0329,0.0335,0.0166,0.0212,0.433,-+,0,0.12,1,0.729,3,37350369
10:92712105_A_G,a,g,6e-04,0,6e-04,6e-04,0.1032,0.2162,0.6333,?+,0,0,0,1,10,92712105
5:15444822_A_C,a,c,6e-04,0,6e-04,6e-04,0.0515,0.1694,0.7611,?+,0,0,0,1,5,15444822
15:36540404_C_G,c,g,0.9999,0,0.9999,0.9999,-0.1899,0.4526,0.6748,?-,0,0,0,1,15,36540404
3:140151310_G_T,t,g,3e-04,0,3e-04,3e-04,0.2401,0.261,0.3574,?+,0,0,0,1,3,140151310
2:81359807_A_G,a,g,1e-04,0,1e-04,1e-04,-0.4647,0.3656,0.2037,?-,0,0,0,1,2,81359807
17:62477744_C_T,t,c,3e-04,0,3e-04,3e-04,-0.3653,0.2616,0.1626,?-,0,0,0,1,17,62477744
3:138513888_A_G,a,g,2e-04,0,2e-04,2e-04,0.0465,0.3164,0.8832,?+,0,0,0,1,3,138513888
2:127430401_A_G,a,g,0.0479,2e-04,0.0478,0.0484,-0.0418,0.018,0.02025,--,83.6,6.113,1,0.01342,2,127430401
5:106942980_T_TCCCA,t,tccca,0.1441,0,0.1441,0.1441,-0.0029,0.0114,0.8029,?-,0,0,0,1,5,106942980
